952.382620, -35.3504
2857.144492, -34.5927
4761.906365, -35.6617
6666.668237, -39.1020
8571.430110, -45.8979
10476.191982, -54.5027
12380.953854, -56.4427
14285.715727, -57.7061
16190.477599, -57.9100
18095.239471, -58.5654
20000.001344, -59.0346
21904.763216, -59.4960
23809.525089, -59.5919
25714.286961, -61.0136
27619.048833, -60.7729
29523.810706, -60.4824
31428.572578, -60.3389
33333.334450, -60.8076
35238.096323, -61.0105
37142.858195, -60.2085
39047.620068, -60.4216
40952.381940, -60.3776
42857.143812, -59.7176
44761.905685, -58.6147
46666.667557, -58.0181
48571.429430, -58.4549
50476.191302, -58.2857
52380.953174, -57.1197
54285.715047, -56.0275
56190.476919, -53.9431
58095.238791, -50.9633
60000.000664, -46.9832
61904.762536, -45.1662
63809.524409, -44.6213
65714.286281, -46.4766
67619.048153, -50.0162
69523.810026, -54.3051
71428.571898, -59.8914
73333.333770, -62.2886
75238.095643, -64.9995
77142.857515, -65.2752
79047.619388, -65.7667
80952.381260, -65.5335
82857.143132, -64.9992
84761.905005, -64.4077
86666.666877, -64.1412
88571.428750, -63.6390
90476.190622, -62.7974
92380.952494, -61.2829
94285.714367, -59.5655
96190.476239, -56.0089
98095.238111, -52.7379
99999.999984, -49.2480
101904.761856, -47.6892
103809.523729, -48.2780
105714.285601, -50.7036
107619.047473, -53.6310
109523.809346, -56.3862
111428.571218, -58.0588
113333.333090, -57.8327
115238.094963, -52.3101
117142.856835, -49.1614
119047.618708, -48.7782
120952.380580, -50.6101
122857.142452, -56.0941
124761.904325, -64.4838
126666.666197, -66.1099
128571.428070, -65.8980
130476.189942, -66.3058
132380.951814, -66.4554
134285.713687, -65.5981
136190.475559, -63.8370
138095.237431, -62.9321
139999.999304, -62.6441
141904.761176, -63.0962
143809.523049, -63.7474
145714.284921, -65.2017
147619.046793, -65.1188
149523.808666, -65.0591
151428.570538, -64.8207
153333.332410, -64.9005
155238.094283, -64.5429
157142.856155, -63.7910
159047.618028, -63.5012
160952.379900, -63.4615
162857.141772, -63.9501
164761.903645, -62.7611
166666.665517, -63.2481
168571.427390, -64.3317
170476.189262, -63.7929
172380.951134, -64.6270
174285.713007, -66.6223
176190.474879, -65.5174
178095.236751, -64.1260
179999.998624, -63.5365
181904.760496, -63.6747
183809.522369, -63.1338
185714.284241, -63.4922
187619.046113, -64.7087
189523.807986, -64.3394
191428.569858, -64.6494
193333.331730, -63.7519
195238.093603, -63.1812
197142.855475, -62.5172
199047.617348, -62.9615
200952.379220, -63.1430
202857.141092, -62.8011
204761.902965, -62.5576
206666.664837, -63.0884
208571.426710, -63.9193
210476.188582, -62.3351
212380.950454, -61.6963
214285.712327, -61.7048
216190.474199, -62.4408
218095.236071, -62.5142
219999.997944, -61.5201
221904.759816, -61.2458
223809.521689, -61.3595
225714.283561, -61.6196
227619.045433, -60.5853
229523.807306, -61.0075
231428.569178, -56.9956
233333.331050, -49.6498
235238.092923, -46.0690
237142.854795, -45.3619
239047.616668, -47.0735
240952.378540, -52.3920
242857.140412, -59.2926
244761.902285, -60.1942
246666.664157, -61.3591
248571.426030, -60.8639
250476.187902, -61.0022
252380.949774, -61.3617
254285.711647, -61.5723
256190.473519, -61.0614
258095.235391, -61.1925
259999.997264, -60.7938
261904.759136, -61.1727
263809.521009, -61.2749
265714.282881, -60.4126
267619.044753, -60.4414
269523.806626, -60.4526
271428.568498, -61.2399
273333.330370, -60.2583
275238.092243, -60.0006
277142.854115, -59.4987
279047.615988, -59.7257
280952.377860, -59.8434
282857.139732, -59.5642
284761.901605, -59.9178
286666.663477, -59.7705
288571.425350, -59.9178
290476.187222, -61.1912
292380.949094, -60.5555
294285.710967, -59.9685
296190.472839, -60.1878
298095.234711, -59.6874
299999.996584, -60.3833
301904.758456, -60.4471
303809.520329, -61.0111
305714.282201, -59.5844
307619.044073, -59.4698
309523.805946, -60.3406
311428.567818, -60.5017
313333.329690, -60.8746
315238.091563, -60.3751
317142.853435, -60.2124
319047.615308, -59.8005
320952.377180, -59.6807
322857.139052, -60.1441
324761.900925, -60.5824
326666.662797, -60.6274
328571.424670, -60.3086
330476.186542, -60.7559
332380.948414, -60.1418
334285.710287, -60.7062
336190.472159, -61.3062
338095.234031, -61.4929
339999.995904, -61.7346
341904.757776, -60.8075
343809.519649, -60.5110
345714.281521, -61.6829
347619.043393, -61.1439
349523.805266, -62.0927
351428.567138, -61.6904
353333.329010, -61.7067
355238.090883, -62.0379
357142.852755, -61.1024
359047.614628, -61.6630
360952.376500, -62.6683
362857.138372, -62.8161
364761.900245, -62.6401
366666.662117, -62.6264
368571.423990, -62.7717
370476.185862, -62.9283
372380.947734, -63.5336
374285.709607, -63.1286
376190.471479, -63.1708
378095.233351, -63.1511
379999.995224, -62.9934
381904.757096, -62.9282
383809.518969, -63.0545
385714.280841, -63.2380
387619.042713, -63.2631
389523.804586, -64.2513
391428.566458, -64.5544
393333.328330, -64.3447
395238.090203, -63.7486
397142.852075, -63.4429
399047.613948, -63.6187
400952.375820, -63.6334
402857.137692, -63.1978
404761.899565, -63.6310
406666.661437, -63.9443
408571.423310, -63.2677
410476.185182, -63.5944
412380.947054, -63.6359
414285.708927, -63.2003
416190.470799, -63.3153
418095.232671, -63.4061
419999.994544, -63.3615
421904.756416, -63.3295
423809.518289, -62.9377
425714.280161, -63.3208
427619.042033, -63.8027
429523.803906, -63.7703
431428.565778, -63.9029
433333.327650, -64.3555
435238.089523, -64.9292
437142.851395, -64.1676
439047.613268, -64.6138
440952.375140, -64.2111
442857.137012, -64.4068
444761.898885, -63.7485
446666.660757, -64.0369
448571.422630, -64.1967
450476.184502, -64.5010
452380.946374, -64.7833
454285.708247, -64.8371
456190.470119, -64.3305
458095.231991, -64.1775
459999.993864, -64.5304
461904.755736, -63.8616
463809.517609, -64.2833
465714.279481, -64.6443
467619.041353, -63.9365
469523.803226, -63.3005
471428.565098, -63.4124
473333.326970, -63.5196
475238.088843, -64.3578
477142.850715, -64.7905
479047.612588, -64.9466
480952.374460, -65.2122
482857.136332, -64.7625
484761.898205, -63.6960
486666.660077, -63.6791
488571.421950, -63.7034
490476.183822, -64.3794
492380.945694, -64.4352
494285.707567, -65.4689
496190.469439, -65.4576
498095.231311, -65.5187
499999.993184, -65.1079
501904.755056, -64.4875
503809.516929, -65.1871
505714.278801, -64.5444
507619.040673, -65.0123
509523.802546, -64.7127
511428.564418, -64.6811
513333.326290, -65.4604
515238.088163, -65.8808
517142.850035, -66.2577
519047.611908, -66.1250
520952.373780, -66.3906
522857.135652, -66.0842
524761.897525, -65.6793
526666.659397, -64.9727
528571.421270, -64.7626
530476.183142, -64.7941
532380.945014, -64.3695
534285.706887, -64.7710
536190.468759, -64.9036
538095.230631, -66.0482
539999.992504, -65.7336
541904.754376, -65.9438
543809.516249, -66.2004
545714.278121, -66.5581
547619.039993, -66.5449
549523.801866, -66.4405
551428.563738, -66.9392
553333.325610, -66.6806
555238.087483, -67.0820
557142.849355, -66.9540
559047.611228, -67.0306
560952.373100, -66.2396
562857.134972, -65.8810
564761.896845, -66.6450
566666.658717, -66.5877
568571.420590, -66.4335
570476.182462, -66.9440
572380.944334, -67.7338
574285.706207, -68.9859
576190.468079, -67.4707
578095.229951, -67.4663
579999.991824, -67.1831
581904.753696, -67.3550
583809.515569, -67.2668
585714.277441, -67.6206
587619.039313, -68.3073
589523.801186, -67.7614
591428.563058, -66.9082
593333.324930, -66.8923
595238.086803, -67.0508
597142.848675, -67.6207
599047.610548, -67.8307
600952.372420, -68.1121
602857.134292, -67.8578
604761.896165, -67.7580
606666.658037, -67.2756
608571.419910, -67.5626
610476.181782, -67.8057
612380.943654, -67.7925
614285.705527, -67.4780
616190.467399, -67.1804
618095.229271, -67.1047
619999.991144, -67.5334
621904.753016, -67.1666
623809.514889, -67.8176
625714.276761, -68.1035
627619.038633, -68.0324
629523.800506, -67.7040
631428.562378, -67.7891
633333.324250, -69.1358
635238.086123, -68.8834
637142.847995, -68.4851
639047.609868, -68.5105
640952.371740, -68.8030
642857.133612, -68.2441
644761.895485, -67.8254
646666.657357, -68.3801
648571.419230, -68.4157
650476.181102, -68.0670
652380.942974, -67.3930
654285.704847, -66.6598
656190.466719, -66.9748
658095.228591, -67.3871
659999.990464, -67.4885
661904.752336, -66.9304
663809.514209, -66.8675
665714.276081, -67.5938
667619.037953, -67.8952
669523.799826, -67.5691
671428.561698, -67.0103
673333.323570, -66.9540
675238.085443, -67.5925
677142.847315, -67.4215
679047.609188, -67.8200
680952.371060, -68.6956
682857.132932, -68.4517
684761.894805, -68.1804
686666.656677, -67.2947
688571.418550, -66.7736
690476.180422, -67.1135
692380.942294, -67.2579
694285.704167, -67.2442
696190.466039, -66.8557
698095.227911, -67.8372
699999.989784, -67.2608
701904.751656, -67.2165
703809.513529, -67.3074
705714.275401, -66.7270
707619.037273, -66.4242
709523.799146, -66.1370
711428.561018, -65.7417
713333.322890, -66.2933
715238.084763, -67.8934
717142.846635, -68.0357
719047.608508, -67.2912
720952.370380, -67.3048
722857.132252, -66.9576
724761.894125, -67.0976
726666.655997, -67.0270
728571.417870, -66.7474
730476.179742, -67.0419
732380.941614, -67.1802
734285.703487, -67.0663
736190.465359, -68.0596
738095.227231, -68.3367
739999.989104, -68.4854
741904.750976, -68.1223
743809.512849, -68.9070
745714.274721, -68.6093
747619.036593, -68.3729
749523.798466, -68.2054
751428.560338, -68.5408
753333.322210, -68.4107
755238.084083, -68.2795
757142.845955, -67.9483
759047.607828, -67.7780
760952.369700, -67.7996
762857.131572, -69.0052
764761.893445, -69.8206
766666.655317, -69.4945
768571.417190, -69.3675
770476.179062, -69.6331
772380.940934, -69.9404
774285.702807, -70.1056
776190.464679, -70.1923
778095.226551, -69.5412
779999.988424, -70.2304
781904.750296, -69.6463
783809.512169, -68.6475
785714.274041, -69.1409
787619.035913, -70.1744
789523.797786, -68.6370
791428.559658, -68.2498
793333.321530, -68.6858
795238.083403, -69.1161
797142.845275, -68.5034
799047.607148, -69.7195
800952.369020, -69.0010
802857.130892, -69.9666
804761.892765, -70.0555
806666.654637, -70.0734
808571.416510, -70.4290
810476.178382, -70.3226
812380.940254, -70.0586
814285.702127, -69.4289
816190.463999, -70.0757
818095.225871, -69.7731
819999.987744, -69.7864
821904.749616, -70.4792
823809.511489, -70.0509
825714.273361, -70.7883
827619.035233, -70.1175
829523.797106, -69.6881
831428.558978, -69.3948
833333.320850, -68.7556
835238.082723, -69.3845
837142.844595, -69.3698
839047.606468, -69.6637
840952.368340, -68.9600
842857.130212, -68.2530
844761.892085, -68.8138
846666.653957, -68.8000
848571.415830, -69.3059
850476.177702, -69.0567
852380.939574, -68.0293
854285.701447, -68.7780
856190.463319, -69.3688
858095.225191, -68.7734
859999.987064, -68.7460
861904.748936, -68.5020
863809.510809, -68.7769
865714.272681, -69.0526
867619.034553, -68.7869
869523.796426, -68.7121
871428.558298, -69.4780
873333.320170, -68.5629
875238.082043, -68.5156
877142.843915, -68.3971
879047.605788, -68.5925
880952.367660, -68.8440
882857.129532, -68.9557
884761.891405, -69.1072
886666.653277, -69.2588
888571.415150, -70.0189
890476.177022, -69.9134
892380.938894, -69.3661
894285.700767, -69.1942
896190.462639, -69.7596
898095.224511, -70.3681
899999.986384, -69.7077
901904.748256, -69.5360
903809.510129, -68.7530
905714.272001, -69.0898
907619.033873, -68.6600
909523.795746, -68.7848
911428.557618, -69.6041
913333.319490, -68.8859
915238.081363, -68.5126
917142.843235, -68.9510
919047.605108, -69.7921
920952.366980, -68.7592
922857.128852, -68.5171
924761.890725, -68.6433
926666.652597, -68.4511
928571.414470, -68.9021
930476.176342, -69.6622
932380.938214, -69.6117
934285.700087, -69.1423
936190.461959, -69.2219
938095.223831, -68.9304
939999.985704, -69.6610
941904.747576, -69.9982
943809.509449, -69.3405
945714.271321, -68.6965
947619.033193, -68.5236
949523.795066, -69.1219
951428.556938, -69.9801
953333.318810, -70.0285
955238.080683, -69.3831
957142.842555, -69.6682
959047.604428, -70.6614
960952.366300, -70.1359
962857.128172, -69.6142
964761.890045, -69.5788
966666.651917, -69.3555
968571.413790, -69.8479
970476.175662, -69.8460
972380.937534, -69.1837
974285.699407, -69.0932
976190.461279, -70.2784
978095.223151, -70.1823
979999.985024, -70.2205
981904.746896, -69.9925
983809.508769, -69.7049
985714.270641, -69.6434
987619.032513, -69.6525
989523.794386, -70.1153
991428.556258, -70.6912
993333.318130, -70.8741
995238.080003, -70.5531
997142.841875, -68.8321
999047.603748, -67.7206
1000952.365620, -67.8465
1002857.127492, -68.3769
1004761.889365, -69.6417
1006666.651237, -70.0653
1008571.413110, -70.3340
1010476.174982, -70.3414
1012380.936854, -70.3491
1014285.698727, -70.1566
1016190.460599, -70.1260
1018095.222471, -69.4121
1019999.984344, -69.5893
1021904.746216, -69.2691
1023809.508089, -69.2525
1025714.269961, -70.2191
1027619.031833, -70.5063
1029523.793706, -70.3145
1031428.555578, -69.4221
1033333.317450, -69.9133
1035238.079323, -70.1109
1037142.841195, -70.4300
1039047.603068, -70.9516
1040952.364940, -70.7861
1042857.126812, -70.0498
1044761.888685, -69.7719
1046666.650557, -69.4007
1048571.412430, -69.9091
1050476.174302, -69.5862
1052380.936174, -69.4608
1054285.698047, -69.1360
1056190.459919, -68.6669
1058095.221791, -69.3691
1059999.983664, -69.7914
1061904.745536, -69.5206
1063809.507409, -69.8287
1065714.269281, -69.3472
1067619.031153, -69.2880
1069523.793026, -69.1182
1071428.554898, -69.4174
1073333.316770, -69.8134
1075238.078643, -69.2599
1077142.840515, -68.9369
1079047.602388, -69.6139
1080952.364260, -70.1277
1082857.126132, -69.7495
1084761.888005, -69.7958
1086666.649877, -69.7453
1088571.411750, -68.4568
1090476.173622, -68.5457
1092380.935494, -68.6355
1094285.697367, -69.4714
1096190.459239, -69.2714
1098095.221111, -69.7897
1099999.982984, -69.3027
1101904.744856, -69.5116
1103809.506729, -69.9662
1105714.268601, -70.5017
1107619.030473, -69.4900
1109523.792346, -69.3738
1111428.554218, -69.6186
1113333.316090, -69.1091
1115238.077963, -69.3248
1117142.839835, -69.6684
1119047.601708, -69.5956
1120952.363580, -68.9097
1122857.125452, -69.6459
1124761.887325, -69.7456
1126666.649197, -69.7438
1128571.411070, -69.7207
1130476.172942, -69.9351
1132380.934814, -70.1373
1134285.696687, -69.2626
1136190.458559, -69.2691
1138095.220431, -69.6513
1139999.982304, -69.3188
1141904.744176, -69.7512
1143809.506049, -69.8817
1145714.267921, -69.5078
1147619.029793, -69.9576
1149523.791666, -70.0404
1151428.553538, -70.0576
1153333.315410, -70.0864
1155238.077283, -70.0472
1157142.839155, -71.4421
1159047.601028, -71.5251
1160952.362900, -71.3423
1162857.124772, -70.3921
1164761.886645, -71.0124
1166666.648517, -71.1945
1168571.410390, -70.9273
1170476.172262, -70.4902
1172380.934134, -70.2740
1174285.696007, -70.7212
1176190.457879, -70.8451
1178095.219751, -71.1293
1179999.981624, -70.6011
1181904.743496, -70.8890
1183809.505369, -71.3624
1185714.267241, -71.4685
1187619.029113, -70.9633
1189523.790986, -71.8279
1191428.552858, -72.2090
1193333.314730, -72.3075
1195238.076603, -71.8650
1197142.838475, -70.7931
1199047.600348, -70.3406
1200952.362220, -70.4171
1202857.124092, -70.9058
1204761.885965, -71.0352
1206666.647837, -70.6103
1208571.409710, -70.9634
1210476.171582, -71.5826
1212380.933454, -71.9191
1214285.695327, -72.0568
1216190.457199, -71.6872
1218095.219071, -71.0770
1219999.980944, -71.0615
1221904.742816, -70.7476
1223809.504689, -70.2106
1225714.266561, -70.0006
1227619.028433, -70.8421
1229523.790306, -70.9571
1231428.552178, -71.4527
1233333.314050, -71.0852
1235238.075923, -70.6249
1237142.837795, -69.8876
1239047.599668, -70.7810
1240952.361540, -71.3923
1242857.123412, -71.1755
1244761.885285, -70.5140
1246666.647157, -70.2718
1248571.409030, -70.3894
1250476.170902, -70.1252
1252380.932774, -70.8437
1254285.694647, -71.3110
1256190.456519, -70.2537
1258095.218391, -70.4140
1259999.980264, -71.8872
1261904.742136, -71.0283
1263809.504009, -70.8307
1265714.265881, -71.1516
1267619.027753, -70.0011
1269523.789626, -70.0451
1271428.551498, -69.5750
1273333.313370, -69.8941
1275238.075243, -71.2710
1277142.837115, -71.0541
1279047.598988, -69.9416
1280952.360860, -69.5495
1282857.122732, -69.7709
1284761.884605, -70.4420
1286666.646477, -71.2603
1288571.408350, -71.2050
1290476.170222, -70.4758
1292380.932094, -69.7077
1294285.693967, -70.0741
1296190.455839, -69.9162
1298095.217711, -70.3126
1299999.979584, -69.7603
1301904.741456, -69.7176
1303809.503329, -70.1704
1305714.265201, -69.8090
1307619.027073, -70.0211
1309523.788946, -70.2540
1311428.550818, -69.4320
1313333.312690, -70.0086
1315238.074563, -70.1380
1317142.836435, -70.1268
1319047.598308, -70.3358
1320952.360180, -69.9862
1322857.122052, -70.2539
1324761.883925, -71.7967
1326666.645797, -70.6306
1328571.407670, -70.9073
1330476.169542, -69.9492
1332380.931414, -69.7291
1334285.693287, -70.2622
1336190.455159, -70.7719
1338095.217031, -70.9847
1339999.978904, -69.9480
1341904.740776, -69.6667
1343809.502649, -69.8485
1345714.264521, -70.4038
1347619.026393, -70.2682
1349523.788266, -71.0878
1351428.550138, -71.3745
1353333.312010, -71.2923
1355238.073883, -71.0613
1357142.835755, -71.1160
1359047.597628, -71.0542
1360952.359500, -70.5177
1362857.121372, -71.7121
1364761.883245, -72.2871
1366666.645117, -72.0800
1368571.406990, -71.3003
1370476.168862, -70.3738
1372380.930734, -70.6600
1374285.692607, -71.2661
1376190.454479, -70.8836
1378095.216351, -70.7958
1379999.978224, -70.7293
1381904.740096, -71.0989
1383809.501969, -71.5429
1385714.263841, -72.6561
1387619.025713, -73.5289
1389523.787586, -73.4119
1391428.549458, -72.3970
1393333.311330, -72.5909
1395238.073203, -71.8947
1397142.835075, -72.3006
1399047.596948, -73.1217
1400952.358820, -71.1561
1402857.120692, -72.5107
1404761.882565, -72.9781
1406666.644437, -72.6890
1408571.406310, -72.0996
1410476.168182, -72.6634
1412380.930054, -72.3499
1414285.691927, -72.5110
1416190.453799, -72.3428
1418095.215671, -71.7187
1419999.977544, -71.5911
1421904.739416, -71.5025
1423809.501289, -71.7589
1425714.263161, -72.6228
1427619.025033, -71.4662
1429523.786906, -71.3006
1431428.548778, -71.4507
1433333.310650, -71.2973
1435238.072523, -71.3704
1437142.834395, -72.0867
1439047.596268, -73.1080
1440952.358140, -72.0100
1442857.120012, -71.1773
1444761.881885, -71.3354
1446666.643757, -71.8844
1448571.405630, -72.7013
1450476.167502, -72.6474
1452380.929374, -72.6656
1454285.691247, -71.8334
1456190.453119, -72.3884
1458095.214991, -72.0637
1459999.976864, -70.8885
1461904.738736, -71.0127
1463809.500609, -70.9140
1465714.262481, -71.4153
1467619.024353, -72.0892
1469523.786226, -71.3348
1471428.548098, -71.1183
1473333.309970, -71.0057
1475238.071843, -70.5369
1477142.833715, -70.4597
1479047.595588, -71.3954
1480952.357460, -71.5361
1482857.119332, -70.4716
1484761.881205, -71.1094
1486666.643077, -70.7717
1488571.404950, -70.2933
1490476.166822, -70.8096
1492380.928694, -70.6937
1494285.690567, -71.1913
1496190.452439, -70.6594
1498095.214311, -68.3829
1499999.976184, -68.4132
1501904.738056, -69.4451
1503809.499929, -70.0070
1505714.261801, -70.3701
1507619.023673, -70.9242
1509523.785546, -70.7370
1511428.547418, -69.9041
1513333.309290, -70.2665
1515238.071163, -70.6631
1517142.833035, -70.9224
1519047.594908, -70.5204
1520952.356780, -70.8275
1522857.118652, -70.1953
1524761.880525, -70.7267
1526666.642397, -70.5436
1528571.404270, -70.4333
1530476.166142, -71.4210
1532380.928014, -71.2432
1534285.689887, -71.6253
1536190.451759, -72.1143
1538095.213631, -70.8782
1539999.975504, -70.8229
1541904.737376, -71.5953
1543809.499249, -71.8377
1545714.261121, -71.9547
1547619.022993, -71.5180
1549523.784866, -71.7398
1551428.546738, -71.8164
1553333.308610, -70.6626
1555238.070483, -70.6669
1557142.832355, -71.1518
1559047.594228, -71.4282
1560952.356100, -71.2326
1562857.117972, -71.5343
1564761.879845, -71.5028
1566666.641717, -71.9392
1568571.403590, -72.8337
1570476.165462, -72.5485
1572380.927334, -71.2275
1574285.689207, -71.5956
1576190.451079, -71.9440
1578095.212951, -72.3648
1579999.974824, -71.9048
1581904.736696, -72.0341
1583809.498569, -72.1490
1585714.260441, -72.1249
1587619.022313, -72.3399
1589523.784186, -72.9399
1591428.546058, -73.4261
1593333.307930, -73.1096
1595238.069803, -73.0484
1597142.831675, -72.7487
1599047.593548, -73.2501
1600952.355420, -70.4035
1602857.117292, -70.6951
1604761.879165, -72.5353
1606666.641037, -72.6020
1608571.402910, -73.1334
1610476.164782, -72.6064
1612380.926654, -72.1785
1614285.688527, -72.3430
1616190.450399, -71.7107
1618095.212271, -71.7232
1619999.974144, -72.5858
1621904.736016, -73.2458
1623809.497889, -73.3089
1625714.259761, -73.3651
1627619.021633, -72.5483
1629523.783506, -72.3086
1631428.545378, -72.2358
1633333.307250, -72.5656
1635238.069123, -72.8676
1637142.830995, -72.7823
1639047.592868, -72.0908
1640952.354740, -72.3664
1642857.116612, -72.0850
1644761.878485, -72.0286
1646666.640357, -72.3642
1648571.402230, -73.0023
1650476.164102, -72.8924
1652380.925974, -72.2763
1654285.687847, -72.7727
1656190.449719, -72.6795
1658095.211591, -72.3430
1659999.973464, -72.7609
1661904.735336, -72.3622
1663809.497209, -71.5317
1665714.259081, -71.0943
1667619.020953, -72.1032
1669523.782826, -72.0246
1671428.544698, -71.8031
1673333.306570, -71.5836
1675238.068443, -71.0625
1677142.830315, -70.6334
1679047.592188, -71.0148
1680952.354060, -71.7851
1682857.115932, -71.2666
1684761.877805, -71.7306
1686666.639677, -71.2899
1688571.401550, -72.1788
1690476.163422, -73.2923
1692380.925294, -72.4624
1694285.687167, -71.0256
1696190.449039, -71.4925
1698095.210911, -71.3054
1699999.972784, -72.0906
1701904.734656, -72.6227
1703809.496529, -72.6888
1705714.258401, -71.7863
1707619.020273, -71.0118
1709523.782146, -71.3072
1711428.544018, -72.0531
1713333.305890, -72.3364
1715238.067763, -72.4225
1717142.829635, -72.3457
1719047.591508, -71.7004
1720952.353380, -72.1175
1722857.115252, -72.2392
1724761.877125, -71.9435
1726666.638997, -70.9259
1728571.400870, -71.2210
1730476.162742, -72.3635
1732380.924614, -72.7810
1734285.686487, -73.2592
1736190.448359, -72.4551
1738095.210231, -72.6552
1739999.972104, -72.7971
1741904.733976, -73.0895
1743809.495849, -73.1698
1745714.257721, -73.3638
1747619.019593, -73.1411
1749523.781466, -72.9972
1751428.543338, -72.9468
1753333.305210, -72.8545
1755238.067083, -72.7198
1757142.828955, -73.0570
1759047.590828, -73.0634
1760952.352700, -72.3201
1762857.114572, -73.1743
1764761.876445, -72.9741
1766666.638317, -73.7489
1768571.400190, -73.6720
1770476.162062, -74.1850
1772380.923934, -73.8319
1774285.685807, -73.5916
1776190.447679, -73.2910
1778095.209551, -72.8786
1779999.971424, -72.0437
1781904.733296, -72.7689
1783809.495169, -73.3609
1785714.257041, -73.1418
1787619.018913, -72.6065
1789523.780786, -73.2771
1791428.542658, -73.2233
1793333.304530, -73.1213
1795238.066403, -73.2205
1797142.828275, -73.7152
1799047.590148, -73.9023
1800952.352020, -73.7199
1802857.113892, -74.2088
1804761.875765, -73.7795
1806666.637637, -73.5303
1808571.399510, -73.1369
1810476.161382, -73.7053
1812380.923254, -73.4465
1814285.685127, -73.1663
1816190.446999, -73.9266
1818095.208871, -74.2025
1819999.970744, -73.9487
1821904.732616, -74.0837
1823809.494489, -74.1548
1825714.256361, -73.3743
1827619.018233, -73.4837
1829523.780106, -73.9278
1831428.541978, -74.8471
1833333.303850, -73.9400
1835238.065723, -73.7600
1837142.827595, -74.5847
1839047.589468, -74.7879
1840952.351340, -74.0567
1842857.113212, -73.8770
1844761.875085, -73.6342
1846666.636957, -74.2060
1848571.398830, -72.7896
1850476.160702, -73.0026
1852380.922574, -73.1863
1854285.684447, -73.2846
1856190.446319, -73.2912
1858095.208191, -73.7060
1859999.970064, -73.7873
1861904.731936, -73.9500
1863809.493809, -73.9154
1865714.255681, -72.9467
1867619.017553, -73.1382
1869523.779426, -73.1622
1871428.541298, -72.7348
1873333.303170, -72.3474
1875238.065043, -72.5784
1877142.826915, -72.2483
1879047.588788, -72.3599
1880952.350660, -73.0271
1882857.112532, -72.9697
1884761.874405, -73.6821
1886666.636277, -72.8074
1888571.398150, -72.9610
1890476.160022, -73.6369
1892380.921894, -73.7218
1894285.683767, -73.7296
1896190.445639, -73.6234
1898095.207511, -73.0495
1899999.969384, -73.7677
1901904.731256, -73.4463
1903809.493129, -73.7183
1905714.255001, -74.1945
1907619.016873, -73.8211
1909523.778746, -72.9473
1911428.540618, -72.4925
1913333.302490, -72.8985
1915238.064363, -72.3231
1917142.826235, -72.2490
1919047.588108, -72.3782
1920952.349980, -72.3163
1922857.111852, -72.6033
1924761.873725, -73.5486
1926666.635597, -72.9872
1928571.397470, -73.0745
1930476.159342, -73.1104
1932380.921214, -73.7285
1934285.683087, -73.1217
1936190.444959, -73.4031
1938095.206831, -73.9315
1939999.968704, -74.4497
1941904.730576, -73.3035
1943809.492449, -72.8307
1945714.254321, -73.1879
1947619.016193, -73.7694
1949523.778066, -73.3202
1951428.539938, -73.9691
1953333.301810, -74.3953
1955238.063683, -74.2647
1957142.825555, -74.1655
1959047.587428, -74.5641
1960952.349300, -73.6685
1962857.111172, -73.8640
1964761.873045, -73.8495
1966666.634917, -74.4953
1968571.396790, -74.6274
1970476.158662, -73.9069
1972380.920534, -73.8570
1974285.682407, -75.1573
1976190.444279, -75.1147
1978095.206151, -74.8024
1979999.968024, -75.0894
1981904.729896, -74.4203
1983809.491769, -74.5183
1985714.253641, -75.1505
1987619.015513, -74.3743
1989523.777386, -74.4246
1991428.539258, -74.1035
1993333.301130, -73.5035
1995238.063003, -73.6105
1997142.824875, -74.6841
1999047.586748, -73.7740
2000952.348620, -74.4146
2002857.110492, -74.2900
2004761.872365, -73.9290
2006666.634237, -74.5856
2008571.396110, -75.5743
2010476.157982, -74.5779
2012380.919854, -74.8326
2014285.681727, -74.9823
2016190.443599, -74.2712
2018095.205471, -74.6968
2019999.967344, -74.6910
2021904.729216, -75.3786
2023809.491089, -75.2892
2025714.252961, -76.0655
2027619.014833, -75.0506
2029523.776706, -75.5907
2031428.538578, -75.4096
2033333.300450, -75.2822
2035238.062323, -74.4810
2037142.824195, -74.8941
2039047.586068, -74.9331
2040952.347940, -75.3010
2042857.109812, -75.2647
2044761.871685, -75.1896
2046666.633557, -75.3477
2048571.395430, -75.1342
2050476.157302, -75.3821
2052380.919174, -75.4036
2054285.681047, -75.8824
2056190.442919, -75.4781
2058095.204791, -75.1963
2059999.966664, -74.4267
2061904.728536, -75.0833
2063809.490409, -74.7352
2065714.252281, -74.8393
2067619.014153, -74.6139
2069523.776026, -73.7912
2071428.537898, -73.4577
2073333.299770, -73.3477
2075238.061643, -74.6376
2077142.823515, -74.5626
2079047.585388, -74.8827
2080952.347260, -74.7638
2082857.109132, -74.4924
2084761.871005, -74.3379
2086666.632877, -74.3735
2088571.394750, -74.0892
2090476.156622, -74.0188
2092380.918494, -74.2538
2094285.680367, -74.2173
2096190.442239, -74.2774
2098095.204111, -74.5684
2099999.965984, -74.5787
2101904.727856, -74.2652
2103809.489729, -74.2081
2105714.251601, -75.6959
2107619.013473, -74.4033
2109523.775346, -74.4501
2111428.537218, -74.6149
2113333.299090, -73.9450
2115238.060963, -74.1028
2117142.822835, -73.8176
2119047.584708, -74.0891
2120952.346580, -74.2110
2122857.108452, -74.4189
2124761.870325, -74.6869
2126666.632197, -74.4914
2128571.394070, -74.0346
2130476.155942, -74.0567
2132380.917814, -74.3903
2134285.679687, -74.4499
2136190.441559, -74.8638
2138095.203431, -74.4617
2139999.965304, -75.0385
2141904.727176, -75.0595
2143809.489049, -74.4963
2145714.250921, -74.5947
2147619.012793, -73.9167
2149523.774666, -74.4288
2151428.536538, -74.7709
2153333.298410, -75.1261
2155238.060283, -74.9982
2157142.822155, -75.4236
2159047.584028, -74.7257
2160952.345900, -74.7829
2162857.107772, -74.8707
2164761.869645, -74.8420
2166666.631517, -74.8638
2168571.393390, -75.3325
2170476.155262, -75.2968
2172380.917134, -75.5676
2174285.679007, -76.1285
2176190.440879, -75.8463
2178095.202751, -75.3496
2179999.964624, -75.1217
2181904.726496, -74.5240
2183809.488369, -74.6519
2185714.250241, -74.6820
2187619.012113, -74.3141
2189523.773986, -74.3519
2191428.535858, -75.3090
2193333.297730, -75.6837
2195238.059603, -75.5265
2197142.821475, -75.6107
2199047.583348, -75.6077
2200952.345220, -75.3981
2202857.107092, -74.9604
2204761.868965, -75.1009
2206666.630837, -75.8183
2208571.392710, -76.2158
2210476.154582, -75.7450
2212380.916454, -75.5715
2214285.678327, -75.2308
2216190.440199, -76.3069
2218095.202071, -75.9092
2219999.963944, -75.7995
2221904.725816, -75.7229
2223809.487689, -75.2336
2225714.249561, -74.8680
2227619.011433, -75.8394
2229523.773306, -75.5294
2231428.535178, -75.5740
2233333.297050, -75.5172
2235238.058923, -76.1207
2237142.820795, -75.5828
2239047.582668, -75.4170
2240952.344540, -74.8717
2242857.106412, -75.0211
2244761.868285, -75.0362
2246666.630157, -75.6301
2248571.392030, -75.2393
2250476.153902, -75.6386
2252380.915774, -75.2861
2254285.677647, -75.2865
2256190.439519, -74.2395
2258095.201391, -74.8772
2259999.963264, -74.8487
2261904.725136, -75.1613
2263809.487009, -75.2058
2265714.248881, -75.1633
2267619.010753, -75.0742
2269523.772626, -75.3431
2271428.534498, -75.5752
2273333.296370, -75.0236
2275238.058243, -75.0304
2277142.820115, -74.7464
2279047.581988, -74.0022
2280952.343860, -74.8160
2282857.105732, -74.7863
2284761.867605, -74.9983
2286666.629477, -74.6804
2288571.391350, -75.3275
2290476.153222, -73.4611
2292380.915094, -73.7339
2294285.676967, -74.4300
2296190.438839, -74.6503
2298095.200711, -73.9694
2299999.962584, -75.0261
2301904.724456, -74.0918
2303809.486329, -74.2845
2305714.248201, -74.5874
2307619.010073, -74.5795
2309523.771946, -74.8284
2311428.533818, -74.8471
2313333.295690, -75.4799
2315238.057563, -75.7639
2317142.819435, -75.3100
2319047.581308, -75.1807
2320952.343180, -75.0924
2322857.105052, -74.4221
2324761.866925, -74.7775
2326666.628797, -74.4214
2328571.390670, -74.2582
2330476.152542, -74.4295
2332380.914414, -75.2068
2334285.676287, -74.9122
2336190.438159, -74.5376
2338095.200031, -74.4491
2339999.961904, -74.5145
2341904.723776, -75.3584
2343809.485649, -75.0992
2345714.247521, -74.9336
2347619.009393, -75.2381
2349523.771266, -76.1961
2351428.533138, -75.7868
2353333.295010, -75.5404
2355238.056883, -75.1531
2357142.818755, -76.3900
2359047.580628, -76.1966
2360952.342500, -75.9025
2362857.104372, -76.1924
2364761.866245, -75.7038
2366666.628117, -75.5623
2368571.389990, -75.5837
2370476.151862, -75.1329
2372380.913734, -75.1314
2374285.675607, -75.2171
2376190.437479, -75.9716
2378095.199351, -77.1293
2379999.961224, -76.5493
2381904.723096, -76.2258
2383809.484969, -76.4249
2385714.246841, -76.1477
2387619.008713, -76.3649
2389523.770586, -76.6763
2391428.532458, -75.9262
2393333.294330, -75.5518
2395238.056203, -76.9319
2397142.818075, -77.3388
2399047.579948, -76.5072
2400952.341820, -76.1151
2402857.103692, -76.6019
2404761.865565, -75.6094
2406666.627437, -75.9769
2408571.389310, -76.0474
2410476.151182, -75.5711
2412380.913054, -76.3412
2414285.674927, -76.6061
2416190.436799, -76.4869
2418095.198671, -76.3513
2419999.960544, -76.6760
2421904.722416, -76.7667
2423809.484289, -76.7163
2425714.246161, -75.7817
2427619.008033, -75.1847
2429523.769906, -75.1124
2431428.531778, -75.2449
2433333.293650, -75.3438
2435238.055523, -75.8688
2437142.817395, -76.4035
2439047.579268, -76.3562
2440952.341140, -76.2530
2442857.103012, -75.9013
2444761.864885, -75.5381
2446666.626757, -74.7444
2448571.388630, -75.0168
2450476.150502, -76.1513
2452380.912374, -76.8287
2454285.674247, -76.3180
2456190.436119, -75.2145
2458095.197991, -75.4705
2459999.959864, -76.4303
2461904.721736, -75.6765
2463809.483609, -76.4628
2465714.245481, -75.6282
2467619.007353, -75.6271
2469523.769226, -75.6880
2471428.531098, -75.5515
2473333.292970, -75.7187
2475238.054843, -75.6700
2477142.816715, -75.9715
2479047.578588, -75.6160
2480952.340460, -75.7013
2482857.102332, -75.5631
2484761.864205, -75.5918
2486666.626077, -75.8011
2488571.387950, -76.3572
2490476.149822, -75.5146
2492380.911694, -74.9477
2494285.673567, -74.7195
2496190.435439, -75.3766
2498095.197311, -75.6967
2499999.959184, -75.3701
2501904.721056, -74.9755
2503809.482929, -74.4199
2505714.244801, -74.6272
2507619.006673, -75.4605
2509523.768546, -75.8350
2511428.530418, -75.9940
2513333.292290, -74.9950
2515238.054163, -74.9543
2517142.816035, -75.1435
2519047.577908, -74.6287
2520952.339780, -75.3680
2522857.101652, -75.9164
2524761.863525, -76.0315
2526666.625397, -75.8234
2528571.387270, -76.3326
2530476.149142, -76.1087
2532380.911014, -75.6242
2534285.672887, -75.5817
2536190.434759, -75.5796
2538095.196631, -75.6893
2539999.958504, -76.4453
2541904.720376, -75.9619
2543809.482249, -76.7394
2545714.244121, -76.6415
2547619.005993, -76.7467
2549523.767866, -75.8254
2551428.529738, -76.0891
2553333.291610, -76.7256
2555238.053483, -75.6660
2557142.815355, -76.1971
2559047.577228, -77.0424
2560952.339100, -77.1746
2562857.100972, -76.4000
2564761.862845, -76.2426
2566666.624717, -76.8946
2568571.386590, -77.0190
2570476.148462, -76.9444
2572380.910334, -76.3639
2574285.672207, -75.9788
2576190.434079, -75.9828
2578095.195951, -75.9925
2579999.957824, -76.7388
2581904.719696, -76.6962
2583809.481569, -76.0751
2585714.243441, -75.7269
2587619.005313, -76.2356
2589523.767186, -76.5409
2591428.529058, -76.6634
2593333.290930, -77.4039
2595238.052803, -77.3817
2597142.814675, -77.2233
2599047.576548, -76.8297
2600952.338420, -77.2339
2602857.100292, -77.3516
2604761.862165, -77.4516
2606666.624037, -76.4764
2608571.385910, -76.8795
2610476.147782, -76.2313
2612380.909654, -75.9575
2614285.671527, -75.9288
2616190.433399, -75.9456
2618095.195271, -76.3260
2619999.957144, -76.4857
2621904.719016, -77.5582
2623809.480889, -77.1016
2625714.242761, -76.6802
2627619.004633, -76.2309
2629523.766506, -76.7288
2631428.528378, -76.4613
2633333.290250, -76.5488
2635238.052123, -77.4557
2637142.813995, -77.0035
2639047.575868, -76.4410
2640952.337740, -77.2600
2642857.099612, -76.8197
2644761.861485, -76.1198
2646666.623357, -76.5631
2648571.385230, -77.0894
2650476.147102, -76.6852
2652380.908974, -76.0422
2654285.670847, -75.8759
2656190.432719, -76.0332
2658095.194591, -76.1258
2659999.956464, -76.6061
2661904.718336, -76.5609
2663809.480209, -76.5358
2665714.242081, -76.4587
2667619.003953, -75.9183
2669523.765826, -75.3935
2671428.527698, -75.6918
2673333.289570, -75.8574
2675238.051443, -75.6673
2677142.813315, -75.6845
2679047.575188, -75.3566
2680952.337060, -75.7531
2682857.098932, -75.2672
2684761.860805, -75.3901
2686666.622677, -75.7990
2688571.384550, -75.9796
2690476.146422, -76.0007
2692380.908294, -75.0058
2694285.670167, -74.9070
2696190.432039, -75.3864
2698095.193911, -75.9166
2699999.955784, -76.0394
2701904.717656, -76.4415
2703809.479529, -76.9109
2705714.241401, -75.6685
2707619.003273, -75.8068
2709523.765146, -75.7378
2711428.527018, -75.4275
2713333.288890, -75.9064
2715238.050763, -75.5549
2717142.812635, -75.2186
2719047.574508, -75.9625
2720952.336380, -76.2345
2722857.098252, -75.7739
2724761.860125, -76.0998
2726666.621997, -76.3673
2728571.383870, -75.4594
2730476.145742, -75.5320
2732380.907614, -76.0678
2734285.669487, -76.9927
2736190.431359, -76.4855
2738095.193231, -75.8319
2739999.955104, -75.6380
2741904.716976, -76.7565
2743809.478849, -76.9194
2745714.240721, -76.4695
2747619.002593, -75.8096
2749523.764466, -76.3338
2751428.526338, -76.0360
2753333.288210, -75.5286
2755238.050083, -75.5092
2757142.811955, -76.1146
2759047.573828, -76.9039
2760952.335700, -77.3035
2762857.097572, -77.2512
2764761.859445, -76.8511
2766666.621317, -77.0000
2768571.383190, -76.2466
2770476.145062, -76.2981
2772380.906934, -76.2359
2774285.668807, -76.6604
2776190.430679, -76.5879
2778095.192551, -77.0846
2779999.954424, -77.7084
2781904.716296, -77.8400
2783809.478169, -77.8890
2785714.240041, -78.2434
2787619.001913, -77.4936
2789523.763786, -77.0735
2791428.525658, -77.2125
2793333.287530, -77.4032
2795238.049403, -77.6996
2797142.811275, -77.5847
2799047.573148, -77.9799
2800952.335020, -77.0047
2802857.096892, -77.5697
2804761.858765, -76.8760
2806666.620637, -76.2474
2808571.382510, -76.7632
2810476.144382, -76.6205
2812380.906254, -76.3397
2814285.668127, -76.5890
2816190.429999, -77.4631
2818095.191871, -77.1321
2819999.953744, -76.6088
2821904.715616, -76.5238
2823809.477489, -77.1971
2825714.239361, -77.4726
2827619.001233, -77.1770
2829523.763106, -76.4996
2831428.524978, -77.0612
2833333.286850, -77.0032
2835238.048723, -77.1902
2837142.810595, -76.4578
2839047.572468, -75.9898
2840952.334340, -76.6523
2842857.096212, -76.0223
2844761.858085, -75.9059
2846666.619957, -76.2559
2848571.381830, -77.0936
2850476.143702, -76.6924
2852380.905574, -76.5017
2854285.667447, -77.2381
2856190.429319, -77.3652
2858095.191191, -76.3646
2859999.953064, -76.2672
2861904.714936, -75.9948
2863809.476809, -76.0022
2865714.238681, -75.9617
2867619.000553, -75.8779
2869523.762426, -75.9649
2871428.524298, -76.0747
2873333.286170, -76.6772
2875238.048043, -75.9087
2877142.809915, -75.9867
2879047.571788, -76.6340
2880952.333660, -76.8008
2882857.095532, -76.4585
2884761.857405, -75.8742
2886666.619277, -75.6516
2888571.381150, -75.8430
2890476.143022, -76.0815
2892380.904894, -76.0794
2894285.666767, -76.8143
2896190.428639, -76.0849
2898095.190511, -76.0528
2899999.952384, -76.2150
2901904.714256, -75.9121
2903809.476129, -75.2487
2905714.238001, -75.5511
2907618.999873, -75.8116
2909523.761746, -76.4078
2911428.523618, -76.4741
2913333.285490, -76.5726
2915238.047363, -76.0434
2917142.809235, -75.3662
2919047.571108, -76.1293
2920952.332980, -76.2827
2922857.094852, -75.8958
2924761.856725, -76.2903
2926666.618597, -77.1263
2928571.380470, -76.0508
2930476.142342, -75.5765
2932380.904214, -75.5666
2934285.666087, -75.6982
2936190.427959, -75.3486
2938095.189831, -76.5842
2939999.951704, -77.3918
2941904.713576, -76.5479
2943809.475449, -76.4033
2945714.237321, -75.9652
2947618.999193, -76.9059
2949523.761066, -76.9619
2951428.522938, -76.1805
2953333.284810, -75.6094
2955238.046683, -75.6315
2957142.808555, -76.5710
2959047.570428, -77.6174
2960952.332300, -76.6305
2962857.094172, -76.5339
2964761.856045, -77.3055
2966666.617917, -76.9486
2968571.379790, -76.7261
2970476.141662, -77.4801
2972380.903534, -77.1193
2974285.665407, -77.0712
2976190.427279, -77.0155
2978095.189151, -76.5947
2979999.951024, -76.4396
2981904.712896, -76.4110
2983809.474769, -77.3156
2985714.236641, -77.4876
2987618.998513, -77.2559
2989523.760386, -77.6858
2991428.522258, -76.9099
2993333.284130, -69.7028
2995238.046003, -57.7914
2997142.807875, -51.6807
2999047.569748, -49.2906
3000952.331620, -49.4433
3002857.093492, -52.7782
3004761.855365, -60.6720
3006666.617237, -75.3594
3008571.379110, -78.9432
3010476.140982, -77.7467
3012380.902854, -77.0488
3014285.664727, -76.6568
3016190.426599, -77.0877
3018095.188471, -77.6258
3019999.950344, -77.2125
3021904.712216, -77.2062
3023809.474089, -77.5751
3025714.235961, -77.2506
3027618.997833, -77.1798
3029523.759706, -77.4156
3031428.521578, -78.1302
3033333.283450, -77.9146
3035238.045323, -76.8961
3037142.807195, -76.5764
3039047.569068, -75.8230
3040952.330940, -76.0144
3042857.092812, -76.5114
3044761.854685, -75.9822
3046666.616557, -76.3922
3048571.378430, -77.6600
3050476.140302, -76.8738
3052380.902174, -76.7196
3054285.664047, -77.2173
3056190.425919, -77.4459
3058095.187791, -76.7945
3059999.949664, -76.8673
3061904.711536, -76.6648
3063809.473409, -76.5791
3065714.235281, -76.9137
3067618.997153, -77.1408
3069523.759026, -77.7602
3071428.520898, -76.9526
3073333.282770, -76.6692
3075238.044643, -76.5148
3077142.806515, -76.0910
3079047.568388, -76.4954
3080952.330260, -77.2918
3082857.092132, -76.3954
3084761.854005, -76.1818
3086666.615877, -76.4677
3088571.377750, -76.7789
3090476.139622, -77.3802
3092380.901494, -77.3467
3094285.663367, -77.2239
3096190.425239, -76.9141
3098095.187111, -76.7721
3099999.948984, -76.7018
3101904.710856, -76.3150
3103809.472729, -75.9637
3105714.234601, -76.1517
3107618.996473, -76.3869
3109523.758346, -75.7283
3111428.520218, -75.8830
3113333.282090, -76.2036
3115238.043963, -76.2990
3117142.805835, -76.8404
3119047.567708, -76.9993
3120952.329580, -77.0254
3122857.091452, -77.3087
3124761.853325, -76.7747
3126666.615197, -76.6368
3128571.377070, -76.4474
3130476.138942, -76.9247
3132380.900814, -77.3314
3134285.662687, -77.4338
3136190.424559, -77.0677
3138095.186431, -77.2195
3139999.948304, -76.3910
3141904.710176, -75.9633
3143809.472049, -76.5663
3145714.233921, -75.9565
3147618.995793, -76.2775
3149523.757666, -77.0311
3151428.519538, -77.1333
3153333.281410, -77.1765
3155238.043283, -77.4329
3157142.805155, -77.0939
3159047.567028, -76.4016
3160952.328900, -77.1680
3162857.090772, -77.1845
3164761.852645, -77.1228
3166666.614517, -77.6268
3168571.376390, -78.1514
3170476.138262, -77.6449
3172380.900134, -77.9044
3174285.662007, -78.8411
3176190.423879, -78.0579
3178095.185751, -77.7593
3179999.947624, -77.8427
3181904.709496, -78.5773
3183809.471369, -77.8981
3185714.233241, -77.3684
3187618.995113, -77.0730
3189523.756986, -77.8404
3191428.518858, -77.8561
3193333.280730, -77.5380
3195238.042603, -76.6589
3197142.804475, -76.4413
3199047.566348, -77.3440
3200952.328220, -77.4398
3202857.090092, -78.0104
3204761.851965, -77.8614
3206666.613837, -77.1132
3208571.375710, -76.6773
3210476.137582, -76.9600
3212380.899454, -77.0444
3214285.661327, -77.8910
3216190.423199, -77.9019
3218095.185071, -77.7386
3219999.946944, -77.7107
3221904.708816, -76.7395
3223809.470689, -77.3046
3225714.232561, -77.3495
3227618.994433, -77.6325
3229523.756306, -77.7714
3231428.518178, -76.9558
3233333.280050, -77.4758
3235238.041923, -76.8922
3237142.803795, -77.2386
3239047.565668, -77.7449
3240952.327540, -77.8137
3242857.089412, -78.8278
3244761.851285, -77.6702
3246666.613157, -77.6292
3248571.375030, -77.0948
3250476.136902, -77.2181
3252380.898774, -77.1755
3254285.660647, -77.2854
3256190.422519, -77.0354
3258095.184391, -77.0383
3259999.946264, -76.8279
3261904.708136, -76.7123
3263809.470009, -76.7764
3265714.231881, -76.2417
3267618.993753, -77.6657
3269523.755626, -78.3635
3271428.517498, -78.1243
3273333.279370, -77.2890
3275238.041243, -77.2952
3277142.803115, -76.6824
3279047.564988, -75.9540
3280952.326860, -75.9481
3282857.088732, -75.9752
3284761.850605, -77.0523
3286666.612477, -76.0900
3288571.374350, -76.3334
3290476.136222, -76.6757
3292380.898094, -75.9084
3294285.659967, -75.5654
3296190.421839, -75.7585
3298095.183711, -76.1915
3299999.945584, -76.0445
3301904.707456, -76.8745
3303809.469329, -77.0216
3305714.231201, -76.4109
3307618.993073, -76.9465
3309523.754946, -76.9601
3311428.516818, -76.5255
3313333.278690, -76.9236
3315238.040563, -76.4892
3317142.802435, -76.4838
3319047.564308, -77.0440
3320952.326180, -77.1911
3322857.088052, -77.3036
3324761.849925, -76.9338
3326666.611797, -76.1183
3328571.373670, -75.6296
3330476.135542, -76.1536
3332380.897414, -76.9116
3334285.659287, -77.3117
3336190.421159, -77.0729
3338095.183031, -77.8975
3339999.944904, -77.4614
3341904.706776, -77.2224
3343809.468649, -77.1955
3345714.230521, -77.0252
3347618.992393, -76.8345
3349523.754266, -77.0133
3351428.516138, -77.3889
3353333.278010, -78.4654
3355238.039883, -77.6879
3357142.801755, -77.6737
3359047.563628, -77.5651
3360952.325500, -77.3158
3362857.087372, -76.5493
3364761.849245, -77.3932
3366666.611117, -77.2911
3368571.372990, -77.2072
3370476.134862, -77.1773
3372380.896734, -76.8348
3374285.658607, -76.8328
3376190.420479, -78.0273
3378095.182351, -78.5125
3379999.944224, -78.2226
3381904.706096, -77.8972
3383809.467969, -77.5925
3385714.229841, -77.3913
3387618.991713, -77.2866
3389523.753586, -78.0139
3391428.515458, -78.7417
3393333.277330, -77.4196
3395238.039203, -77.1936
3397142.801075, -77.6260
3399047.562948, -78.0375
3400952.324820, -78.2469
3402857.086692, -77.6868
3404761.848565, -77.2768
3406666.610437, -77.6608
3408571.372310, -77.4204
3410476.134182, -77.0935
3412380.896054, -77.0140
3414285.657927, -77.0572
3416190.419799, -77.8631
3418095.181671, -78.8201
3419999.943544, -77.6474
3421904.705416, -77.8524
3423809.467289, -78.1828
3425714.229161, -77.9436
3427618.991033, -78.1663
3429523.752906, -78.7156
3431428.514778, -77.8785
3433333.276650, -77.7837
3435238.038523, -77.6382
3437142.800395, -77.6612
3439047.562268, -77.8729
3440952.324140, -77.7484
3442857.086012, -78.1075
3444761.847885, -77.2671
3446666.609757, -76.7477
3448571.371630, -77.0579
3450476.133502, -78.4161
3452380.895374, -78.3604
3454285.657247, -77.7627
3456190.419119, -77.9211
3458095.180991, -78.1458
3459999.942864, -78.3013
3461904.704736, -77.8400
3463809.466609, -77.4693
3465714.228481, -77.2276
3467618.990353, -77.3710
3469523.752226, -77.9549
3471428.514098, -77.3095
3473333.275970, -77.7946
3475238.037843, -77.9654
3477142.799715, -77.0133
3479047.561588, -76.6800
3480952.323460, -76.7953
3482857.085332, -76.9126
3484761.847205, -77.4439
3486666.609077, -78.1886
3488571.370950, -77.7712
3490476.132822, -77.5127
3492380.894694, -77.2420
3494285.656567, -76.9881
3496190.418439, -76.8369
3498095.180311, -76.1480
3499999.942184, -76.3151
3501904.704056, -76.1568
3503809.465929, -76.4572
3505714.227801, -76.4957
3507618.989673, -76.0014
3509523.751546, -75.5705
3511428.513418, -77.1502
3513333.275290, -76.7242
3515238.037163, -76.6260
3517142.799035, -76.7300
3519047.560908, -77.2730
3520952.322780, -77.0833
3522857.084652, -76.3172
3524761.846525, -77.3745
3526666.608397, -76.9533
3528571.370270, -76.3532
3530476.132142, -76.3977
3532380.894014, -76.6801
3534285.655887, -77.8374
3536190.417759, -77.5272
3538095.179631, -76.8130
3539999.941504, -76.7879
3541904.703376, -76.4344
3543809.465249, -76.2455
3545714.227121, -76.9601
3547618.988993, -77.7253
3549523.750866, -77.0182
3551428.512738, -76.9557
3553333.274610, -77.7345
3555238.036483, -78.7145
3557142.798355, -78.4660
3559047.560228, -77.8692
3560952.322100, -78.0666
3562857.083972, -78.4535
3564761.845845, -78.3825
3566666.607717, -79.1909
3568571.369590, -78.9548
3570476.131462, -77.8469
3572380.893334, -77.1728
3574285.655207, -77.5151
3576190.417079, -77.1489
3578095.178951, -78.2759
3579999.940824, -78.3223
3581904.702696, -77.9114
3583809.464569, -77.8420
3585714.226441, -78.2510
3587618.988313, -78.5118
3589523.750186, -78.1314
3591428.512058, -78.1808
3593333.273930, -78.2717
3595238.035803, -77.3178
3597142.797675, -77.7712
3599047.559548, -77.8000
3600952.321420, -77.6828
3602857.083292, -78.1043
3604761.845165, -78.1037
3606666.607037, -78.3257
3608571.368910, -77.5497
3610476.130782, -77.4734
3612380.892654, -77.4319
3614285.654527, -77.9336
3616190.416399, -77.4474
3618095.178271, -76.9962
3619999.940144, -76.9284
3621904.702016, -78.6314
3623809.463889, -77.5617
3625714.225761, -77.8565
3627618.987633, -77.5247
3629523.749506, -77.1182
3631428.511378, -78.1533
3633333.273250, -78.3417
3635238.035123, -77.7422
3637142.796995, -77.6122
3639047.558868, -77.7421
3640952.320740, -78.0927
3642857.082612, -77.7844
3644761.844485, -77.4589
3646666.606357, -77.9117
3648571.368230, -77.9696
3650476.130102, -78.0500
3652380.891974, -77.5037
3654285.653847, -77.3634
3656190.415719, -77.8210
3658095.177591, -78.1698
3659999.939464, -77.8257
3661904.701336, -77.6928
3663809.463209, -77.4803
3665714.225081, -77.6503
3667618.986953, -77.4350
3669523.748826, -77.6810
3671428.510698, -77.8127
3673333.272570, -77.6087
3675238.034443, -77.0928
3677142.796315, -76.9638
3679047.558188, -76.2417
3680952.320060, -76.8350
3682857.081932, -77.4071
3684761.843805, -77.6234
3686666.605677, -76.8614
3688571.367550, -76.8417
3690476.129422, -76.9266
3692380.891294, -76.8295
3694285.653167, -77.1554
3696190.415039, -77.7341
3698095.176911, -77.9540
3699999.938784, -76.8637
3701904.700656, -76.1592
3703809.462529, -76.5196
3705714.224401, -77.2009
3707618.986273, -77.7327
3709523.748146, -77.4430
3711428.510018, -77.3000
3713333.271890, -76.7184
3715238.033763, -76.5753
3717142.795635, -76.0602
3719047.557508, -77.1983
3720952.319380, -77.5623
3722857.081252, -77.2978
3724761.843125, -77.1572
3726666.604997, -77.5392
3728571.366870, -77.5580
3730476.128742, -77.3811
3732380.890614, -78.2605
3734285.652487, -77.4847
3736190.414359, -77.1707
3738095.176231, -77.0185
3739999.938104, -77.9169
3741904.699976, -78.2990
3743809.461849, -78.8530
3745714.223721, -78.5480
3747618.985593, -78.5967
3749523.747466, -77.9931
3751428.509338, -77.3641
3753333.271210, -78.0120
3755238.033083, -79.0876
3757142.794955, -78.7673
3759047.556828, -78.9326
3760952.318700, -78.8487
3762857.080572, -78.2352
3764761.842445, -78.0041
3766666.604317, -78.3071
3768571.366190, -78.7822
3770476.128062, -78.5871
3772380.889934, -78.4016
3774285.651807, -78.3518
3776190.413679, -78.4698
3778095.175551, -78.3136
3779999.937424, -78.5259
3781904.699296, -78.2141
3783809.461169, -78.5757
3785714.223041, -78.3917
3787618.984913, -78.7993
3789523.746786, -78.6750
3791428.508658, -78.3545
3793333.270530, -78.4978
3795238.032403, -79.6279
3797142.794275, -79.1012
3799047.556148, -78.6758
3800952.318020, -77.6973
3802857.079892, -78.1982
3804761.841765, -77.8555
3806666.603637, -77.2657
3808571.365510, -77.2430
3810476.127382, -77.4448
3812380.889254, -77.7074
3814285.651127, -78.4729
3816190.412999, -78.4170
3818095.174871, -78.0512
3819999.936744, -78.0342
3821904.698616, -78.4593
3823809.460489, -79.0044
3825714.222361, -79.2008
3827618.984233, -78.3319
3829523.746106, -78.2509
3831428.507978, -78.1275
3833333.269850, -78.1698
3835238.031723, -77.1428
3837142.793595, -76.9754
3839047.555468, -77.4341
3840952.317340, -77.9577
3842857.079212, -77.9630
3844761.841085, -77.3052
3846666.602957, -76.8683
3848571.364830, -77.3832
3850476.126702, -77.7338
3852380.888574, -78.1319
3854285.650447, -78.1519
3856190.412319, -77.6538
3858095.174191, -77.6890
3859999.936064, -77.3400
3861904.697936, -78.0601
3863809.459809, -77.8846
3865714.221681, -77.5340
3867618.983553, -77.0780
3869523.745426, -77.6522
3871428.507298, -77.7672
3873333.269170, -77.7858
3875238.031043, -77.7998
3877142.792915, -78.3176
3879047.554788, -78.3591
3880952.316660, -78.1544
3882857.078532, -77.5861
3884761.840405, -77.8934
3886666.602277, -78.2348
3888571.364150, -77.8755
3890476.126022, -77.9160
3892380.887894, -77.7037
3894285.649767, -77.7074
3896190.411639, -77.1195
3898095.173511, -76.2844
3899999.935384, -76.7664
3901904.697256, -77.2964
3903809.459129, -76.9928
3905714.221001, -76.5784
3907618.982873, -77.2044
3909523.744746, -77.5776
3911428.506618, -77.6772
3913333.268490, -77.7479
3915238.030363, -77.4133
3917142.792235, -77.5384
3919047.554108, -77.6437
3920952.315980, -76.8760
3922857.077852, -77.1408
3924761.839725, -77.0129
3926666.601597, -77.9319
3928571.363470, -77.9160
3930476.125342, -77.6401
3932380.887214, -77.0810
3934285.649087, -77.9401
3936190.410959, -77.7438
3938095.172831, -77.3585
3939999.934704, -76.8179
3941904.696576, -77.5679
3943809.458449, -77.7522
3945714.220321, -77.4186
3947618.982193, -77.1588
3949523.744066, -77.8305
3951428.505938, -77.9115
3953333.267810, -78.4535
3955238.029683, -77.9116
3957142.791555, -77.6081
3959047.553428, -78.2742
3960952.315300, -78.7260
3962857.077172, -78.7652
3964761.839045, -77.9638
3966666.600917, -78.0710
3968571.362790, -77.9011
3970476.124662, -77.9411
3972380.886534, -79.6156
3974285.648407, -79.6620
3976190.410279, -79.8588
3978095.172151, -78.3682
3979999.934024, -77.9997
3981904.695896, -77.9374
3983809.457769, -77.8982
3985714.219641, -78.4323
3987618.981513, -78.3580
3989523.743386, -78.7178
3991428.505258, -79.0128
3993333.267130, -78.2204
3995238.029003, -78.8481
3997142.790875, -78.7495
3999047.552748, -77.9909
4000952.314620, -78.0362
4002857.076492, -78.9684
4004761.838365, -78.5798
4006666.600237, -78.4332
4008571.362110, -78.5897
4010476.123982, -78.6529
4012380.885854, -79.4735
4014285.647727, -79.0067
4016190.409599, -78.8946
4018095.171471, -78.5571
4019999.933344, -78.4374
4021904.695216, -77.9875
4023809.457089, -78.0957
4025714.218961, -78.3928
4027618.980833, -78.8284
4029523.742706, -78.5473
4031428.504578, -79.0829
4033333.266450, -78.8487
4035238.028323, -78.3384
4037142.790195, -77.4266
4039047.552068, -76.9970
4040952.313940, -77.2794
4042857.075812, -77.6503
4044761.837685, -78.2371
4046666.599557, -78.6050
4048571.361430, -79.1058
4050476.123302, -78.9486
4052380.885174, -77.6449
4054285.647047, -78.0332
4056190.408919, -78.8809
4058095.170791, -78.4646
4059999.932664, -78.5493
4061904.694536, -78.4628
4063809.456409, -77.9018
4065714.218281, -77.9121
4067618.980153, -78.1064
4069523.742026, -78.4825
4071428.503898, -77.5284
4073333.265770, -77.5922
4075238.027643, -77.0011
4077142.789515, -77.2581
4079047.551388, -77.7814
4080952.313260, -78.1635
4082857.075132, -78.0203
4084761.837005, -77.5677
4086666.598877, -77.1462
4088571.360750, -77.6506
4090476.122622, -76.9406
4092380.884494, -76.2496
4094285.646367, -76.5686
4096190.408239, -77.8701
4098095.170111, -78.0201
4099999.931984, -77.5808
4101904.693856, -77.4148
4103809.455729, -77.4733
4105714.217601, -77.3570
4107618.979473, -77.2641
4109523.741346, -77.5046
4111428.503218, -77.1717
4113333.265090, -76.9183
4115238.026963, -77.7620
4117142.788835, -77.9029
4119047.550708, -77.9163
4120952.312580, -77.6821
4122857.074452, -77.1599
4124761.836325, -78.2610
4126666.598197, -77.6043
4128571.360070, -77.9815
4130476.121942, -77.0739
4132380.883814, -77.1360
4134285.645687, -77.6566
4136190.407559, -78.1232
4138095.169431, -77.4859
4139999.931304, -76.7865
4141904.693176, -76.4700
4143809.455049, -77.1804
4145714.216921, -77.4103
4147618.978793, -77.5240
4149523.740666, -77.3540
4151428.502538, -77.7709
4153333.264410, -78.2060
4155238.026283, -77.8935
4157142.788155, -77.9327
4159047.550028, -77.6026
4160952.311900, -78.2824
4162857.073772, -78.0625
4164761.835645, -78.1119
4166666.597517, -78.6729
4168571.359390, -78.0970
4170476.121262, -77.8832
4172380.883134, -78.0509
4174285.645007, -78.1937
4176190.406879, -78.0899
4178095.168751, -78.2033
4179999.930624, -79.0505
4181904.692496, -79.5075
4183809.454369, -79.5313
4185714.216241, -79.3839
4187618.978113, -79.3492
4189523.739986, -78.4422
4191428.501858, -78.3965
4193333.263730, -78.2671
4195238.025603, -78.0371
4197142.787475, -78.5251
4199047.549348, -78.5281
4200952.311220, -78.0841
4202857.073092, -78.1166
4204761.834965, -78.3589
4206666.596837, -78.5498
4208571.358710, -78.6581
4210476.120582, -78.0631
4212380.882454, -78.4370
4214285.644327, -77.9252
4216190.406199, -78.6285
4218095.168071, -78.9987
4219999.929944, -79.3921
4221904.691816, -79.3634
4223809.453689, -78.8743
4225714.215561, -78.3473
4227618.977433, -78.4055
4229523.739306, -78.5697
4231428.501178, -78.4552
4233333.263050, -78.7983
4235238.024923, -78.2353
4237142.786795, -77.4987
4239047.548668, -77.8356
4240952.310540, -77.7422
4242857.072412, -78.1075
4244761.834285, -77.9998
4246666.596157, -77.7598
4248571.358030, -77.8686
4250476.119902, -77.7401
4252380.881774, -78.1027
4254285.643647, -78.1224
4256190.405519, -77.9015
4258095.167391, -77.3751
4259999.929264, -77.2026
4261904.691136, -77.5764
4263809.453009, -77.7945
4265714.214881, -77.2406
4267618.976753, -77.0965
4269523.738626, -77.1498
4271428.500498, -76.9990
4273333.262370, -77.8098
4275238.024243, -77.0312
4277142.786115, -76.1775
4279047.547988, -76.9825
4280952.309860, -78.0730
4282857.071732, -78.6241
4284761.833605, -77.8248
4286666.595477, -77.5298
4288571.357350, -77.1393
4290476.119222, -77.4631
4292380.881094, -76.7976
4294285.642967, -77.3095
4296190.404839, -77.4482
4298095.166711, -76.9598
4299999.928584, -77.3573
4301904.690456, -76.8292
4303809.452329, -76.6751
4305714.214201, -77.9032
4307618.976073, -77.0879
4309523.737946, -76.6985
4311428.499818, -76.7608
4313333.261690, -77.1117
4315238.023563, -77.5208
4317142.785435, -77.7056
4319047.547308, -77.5129
4320952.309180, -77.2440
4322857.071052, -77.0878
4324761.832925, -77.1102
4326666.594797, -77.2949
4328571.356670, -77.1427
4330476.118542, -77.1086
4332380.880414, -78.0510
4334285.642287, -77.9014
4336190.404159, -77.6476
4338095.166031, -77.7156
4339999.927904, -77.5091
4341904.689776, -77.7040
4343809.451649, -78.7506
4345714.213521, -78.0224
4347618.975393, -77.7286
4349523.737266, -77.4831
4351428.499138, -78.0701
4353333.261010, -77.6207
4355238.022883, -76.9185
4357142.784755, -76.1984
4359047.546628, -75.4311
4360952.308500, -74.9883
4362857.070372, -75.9855
4364761.832245, -77.2731
4366666.594117, -78.3519
4368571.355990, -79.1854
4370476.117862, -79.2545
4372380.879734, -78.8089
4374285.641607, -78.6013
4376190.403479, -78.6591
4378095.165351, -78.4670
4379999.927224, -78.2228
4381904.689096, -77.9191
4383809.450969, -77.8037
4385714.212841, -78.1863
4387618.974713, -77.7923
4389523.736586, -78.6647
4391428.498458, -79.2913
4393333.260330, -78.8612
4395238.022203, -78.7302
4397142.784075, -78.6254
4399047.545948, -78.9407
4400952.307820, -78.8311
4402857.069692, -78.2092
4404761.831565, -78.1487
4406666.593437, -78.6259
4408571.355310, -78.1512
4410476.117182, -78.3163
4412380.879054, -78.0402
4414285.640927, -77.9565
4416190.402799, -78.1518
4418095.164671, -78.6031
4419999.926544, -77.8895
4421904.688416, -77.6598
4423809.450289, -77.2874
4425714.212161, -77.5429
4427618.974033, -77.8318
4429523.735906, -78.5847
4431428.497778, -78.4251
4433333.259650, -77.7915
4435238.021523, -77.8211
4437142.783395, -77.6812
4439047.545268, -78.2578
4440952.307140, -78.7447
4442857.069012, -79.1004
4444761.830885, -78.7699
4446666.592757, -78.2615
4448571.354630, -78.0647
4450476.116502, -78.3152
4452380.878374, -78.2194
4454285.640247, -77.3336
4456190.402119, -77.6198
4458095.163991, -78.2986
4459999.925864, -78.4539
4461904.687736, -77.4727
4463809.449609, -77.6585
4465714.211481, -77.1044
4467618.973353, -77.3946
4469523.735226, -77.3253
4471428.497098, -78.4408
4473333.258970, -78.1643
4475238.020843, -78.0285
4477142.782715, -77.6657
4479047.544588, -77.3829
4480952.306460, -77.2349
4482857.068332, -77.1466
4484761.830205, -77.2408
4486666.592077, -77.4034
4488571.353950, -77.9217
4490476.115822, -77.3400
4492380.877694, -77.0554
4494285.639567, -77.8105
4496190.401439, -76.5612
4498095.163311, -76.9857
4499999.925184, -77.7860
4501904.687056, -77.7101
4503809.448929, -77.5184
4505714.210801, -77.0241
4507618.972673, -76.7427
4509523.734546, -77.4408
4511428.496418, -77.5447
4513333.258290, -77.4890
4515238.020163, -78.8016
4517142.782035, -77.6951
4519047.543908, -77.8843
4520952.305780, -77.7692
4522857.067652, -77.1908
4524761.829525, -77.0015
4526666.591397, -77.0756
4528571.353270, -77.0059
4530476.115142, -77.3076
4532380.877014, -78.0849
4534285.638887, -77.8360
4536190.400759, -78.1592
4538095.162631, -78.2476
4539999.924504, -77.9830
4541904.686376, -77.2166
4543809.448249, -77.5179
4545714.210121, -78.1452
4547618.971993, -78.2879
4549523.733866, -78.2297
4551428.495738, -77.7164
4553333.257610, -78.2472
4555238.019483, -78.5242
4557142.781355, -79.0486
4559047.543228, -78.6199
4560952.305100, -78.9848
4562857.066972, -78.5523
4564761.828845, -78.7814
4566666.590717, -78.1793
4568571.352590, -78.0818
4570476.114462, -77.8481
4572380.876334, -78.5017
4574285.638207, -77.8177
4576190.400079, -77.0344
4578095.161951, -77.5287
4579999.923824, -77.8226
4581904.685696, -77.7627
4583809.447569, -78.0304
4585714.209441, -78.3849
4587618.971313, -78.6856
4589523.733186, -78.9092
4591428.495058, -78.2972
4593333.256930, -79.4248
4595238.018803, -79.0126
4597142.780675, -78.4651
4599047.542548, -78.8798
4600952.304420, -79.0582
4602857.066292, -79.3325
4604761.828165, -79.4600
4606666.590037, -79.5007
4608571.351910, -78.7372
4610476.113782, -77.9604
4612380.875654, -78.4159
4614285.637527, -79.0041
4616190.399399, -78.4455
4618095.161271, -78.8148
4619999.923144, -78.9103
4621904.685016, -79.3695
4623809.446889, -78.6912
4625714.208761, -79.3288
4627618.970633, -79.2793
4629523.732506, -78.2345
4631428.494378, -77.5179
4633333.256250, -78.3622
4635238.018123, -78.7064
4637142.779995, -79.4942
4639047.541868, -78.5638
4640952.303740, -78.3819
4642857.065612, -78.5199
4644761.827485, -78.4379
4646666.589357, -78.4508
4648571.351230, -78.8172
4650476.113102, -78.8222
4652380.874974, -78.4645
4654285.636847, -78.2731
4656190.398719, -78.8296
4658095.160591, -77.7829
4659999.922464, -77.6872
4661904.684336, -77.6444
4663809.446209, -77.9089
4665714.208081, -77.9539
4667618.969953, -77.9933
4669523.731826, -78.8665
4671428.493698, -78.1369
4673333.255570, -77.3677
4675238.017443, -77.1843
4677142.779315, -77.6452
4679047.541188, -77.9754
4680952.303060, -78.0251
4682857.064932, -77.9305
4684761.826805, -77.2562
4686666.588677, -77.0582
4688571.350550, -77.2574
4690476.112422, -77.0315
4692380.874294, -77.3032
4694285.636167, -78.2983
4696190.398039, -77.8796
4698095.159911, -77.7850
4699999.921784, -77.9159
4701904.683656, -77.7546
4703809.445529, -77.1166
4705714.207401, -77.3460
4707618.969273, -77.4415
4709523.731146, -77.4100
4711428.493018, -77.3104
4713333.254890, -77.8241
4715238.016763, -78.0068
4717142.778635, -78.3323
4719047.540508, -77.9342
4720952.302380, -77.8325
4722857.064252, -77.7679
4724761.826125, -78.3618
4726666.587997, -77.9075
4728571.349870, -77.5252
4730476.111742, -78.2262
4732380.873614, -79.3055
4734285.635487, -78.4937
4736190.397359, -77.5815
4738095.159231, -77.8445
4739999.921104, -77.5090
4741904.682976, -77.6584
4743809.444849, -77.5350
4745714.206721, -76.9775
4747618.968593, -77.9752
4749523.730466, -78.4344
4751428.492338, -78.3169
4753333.254210, -78.3905
4755238.016083, -78.5611
4757142.777955, -77.8994
4759047.539828, -77.5820
4760952.301700, -77.7606
4762857.063572, -78.4169
4764761.825445, -77.8941
4766666.587317, -78.6611
4768571.349190, -78.3850
4770476.111062, -78.0188
4772380.872934, -77.9485
4774285.634807, -77.5207
4776190.396679, -77.7059
4778095.158551, -77.9914
4779999.920424, -78.4136
4781904.682296, -79.1186
4783809.444169, -78.9757
4785714.206041, -78.1491
4787618.967913, -78.2335
4789523.729786, -78.2530
4791428.491658, -79.2706
4793333.253530, -78.8258
4795238.015403, -78.4931
4797142.777275, -79.5386
4799047.539148, -78.5952
4800952.301020, -78.9894
4802857.062892, -78.5815
4804761.824765, -77.9654
4806666.586637, -78.4311
4808571.348510, -78.4749
4810476.110382, -78.3441
4812380.872254, -79.4939
4814285.634127, -78.7564
4816190.395999, -78.5686
4818095.157871, -78.7564
4819999.919744, -78.5955
4821904.681616, -78.0422
4823809.443489, -77.9000
4825714.205361, -78.8816
4827618.967233, -79.1637
4829523.729106, -78.9889
4831428.490978, -78.9064
4833333.252850, -79.0286
4835238.014723, -78.3328
4837142.776595, -78.4249
4839047.538468, -78.4891
4840952.300340, -78.6282
4842857.062212, -78.1909
4844761.824085, -78.0151
4846666.585957, -77.5636
4848571.347830, -77.4515
4850476.109702, -77.5727
4852380.871574, -78.0393
4854285.633447, -78.5496
4856190.395319, -78.1493
4858095.157191, -78.7684
4859999.919064, -78.7917
4861904.680936, -78.4150
4863809.442809, -78.3687
4865714.204681, -77.6261
4867618.966553, -78.0719
4869523.728426, -78.5764
4871428.490298, -78.4975
4873333.252170, -78.4179
4875238.014043, -78.4706
4877142.775915, -77.9179
4879047.537788, -77.6981
4880952.299660, -78.0347
4882857.061532, -78.8641
4884761.823405, -78.2339
4886666.585277, -78.0239
4888571.347150, -78.6406
4890476.109022, -78.3671
4892380.870894, -78.0416
4894285.632767, -78.4251
4896190.394639, -77.4507
4898095.156511, -76.8745
4899999.918384, -77.2510
4901904.680256, -77.1536
4903809.442129, -77.5654
4905714.204001, -77.0999
4907618.965873, -76.9052
4909523.727746, -77.0946
4911428.489618, -77.1815
4913333.251490, -77.8940
4915238.013363, -77.3003
4917142.775235, -77.3392
4919047.537108, -77.1395
4920952.298980, -77.2432
4922857.060852, -77.7641
4924761.822725, -77.3806
4926666.584597, -77.3270
4928571.346470, -77.4499
4930476.108342, -78.2408
4932380.870214, -78.0192
4934285.632087, -77.4598
4936190.393959, -78.0180
4938095.155831, -78.4863
4939999.917704, -78.0695
4941904.679576, -77.6092
4943809.441449, -77.6729
4945714.203321, -78.4033
4947618.965193, -78.8194
4949523.727066, -78.4800
4951428.488938, -77.9293
4953333.250810, -78.2612
4955238.012683, -77.7603
4957142.774555, -77.9552
4959047.536428, -78.4314
4960952.298300, -79.3524
4962857.060172, -78.8302
4964761.822045, -78.0629
4966666.583917, -78.7011
4968571.345790, -78.8183
4970476.107662, -79.6007
4972380.869534, -78.3835
4974285.631407, -78.6903
4976190.393279, -78.3729
4978095.155151, -78.4912
4979999.917024, -78.1819
4981904.678896, -77.6082
4983809.440769, -77.6358
4985714.202641, -78.6468
4987618.964513, -79.0673
4989523.726386, -79.7433
4991428.488258, -79.0837
4993333.250130, -78.2224
4995238.012003, -78.2646
4997142.773875, -77.8198
4999047.535748, -77.8753
